true_label,pred_label,prob_fake,source,idx,text,tsne_x,tsne_y
0,0,0.04940696805715561,iam,7957,commerce may be kept going - though if ever,13.876664,-18.493347
0,0,0.0014456723583862185,iam,9341,"' Be silent , woman , and listen , ' Band Appa Bondi said .",-11.969041,-6.7349286
1,1,0.9999402761459351,emuru,8143,"Easterly winds , on the other hand ,",23.909185,19.27198
1,1,0.6147764921188354,emuru,10368,"just dusty-grey but muddy , slimy even .",-24.554268,3.6899147
0,0,1.530493598522753e-08,iam,8651,needed taxation in order to supplement,-28.870737,-12.902637
0,0,5.9356530357490556e-08,iam,9756,glance at him . Evidently the other occupant,14.485791,-22.310055
1,1,0.9989868998527527,emuru,7811,that children should be molly-coddled - they must be made,17.833914,-3.6493182
0,0,5.058570877736202e-07,iam,8369,The truth is that good food offers a,-14.519222,-0.82486886
1,1,0.999923825263977,emuru,8669,was quite alien to mediaeval thought - its,-5.4219365,12.159585
1,1,0.9100198745727539,emuru,10289,coronary . And in that second,27.008318,23.892715
1,1,0.999895453453064,emuru,10203,"Junior Medical Officer . "" You won't be free about nine , I",8.5302105,14.134329
0,0,4.407976575748762e-06,iam,9447,make a direct comparison between the radar,-20.610989,-6.252041
0,0,1.1275511724306853e-06,iam,7551,"bar , and there are cases where spacing is used as",2.4149137,-1.3078732
0,0,3.1144300010055304e-05,iam,9614,"with Sir John ? "" she enquired cuttingly .",3.4215238,-16.792427
1,1,0.9999785423278809,emuru,7499,"The film replaced "" What 's My Line ? "" and "" Be My",-2.6153233,14.403499
0,0,3.775784684911798e-10,iam,9523,ignorant child .,-12.18641,5.637809
0,0,5.68095529160928e-05,iam,9234,Morfyyd Owen was already qualifying for,4.97777,-15.611079
0,0,5.647475376235889e-08,iam,9777,"strangers - that 's right , John , isn't it ? "" "" My",-8.826366,2.2023351
1,1,0.9927417039871216,emuru,7983,sympathy with the young wife,25.17144,18.406298
1,1,0.9360273480415344,emuru,9077,not submerged beneath a deep natural atmosphere .,11.940194,-1.9191527
0,0,4.735698500013541e-09,iam,9300,his Eth . Morfydd thought of Dai . The,-25.242523,-14.588896
1,1,0.9997360110282898,emuru,7761,the throne . He was quite prepared to be,-9.559633,16.467009
1,1,0.9992977380752563,emuru,7794,mutual . But Laud was no Romanizer . One of his,5.9990396,14.050906
0,0,4.593674773900602e-09,iam,7790,Prayer Book in 1637 . Significantly this made,1.2276134,-15.011091
0,0,1.8619120112361998e-07,iam,8366,"banquets of later days , when the table",-5.758955,-4.208648
0,0,5.441512485049316e-07,iam,8816,"and Red Flag badge , thus presenting a much",-27.191404,-10.875715
0,0,1.775336642140246e-07,iam,7574,information is contemporaneous with the New Testament .,-13.169064,-21.260807
0,0,1.9015200525274167e-09,iam,10043,laid his hand on hers . Gay smiled at him,0.72456366,-5.6753254
1,1,0.9695186614990234,emuru,8107,In this 200-fathom trench the herring do not touch the bottom .,19.67135,5.006474
1,1,0.9994491934776306,emuru,9612,But Forrest might at least have tried . He 's,9.07238,2.6707954
0,0,0.0003714603080879897,iam,8034,need for the text of the angel are quoted,-13.081087,0.9741241
0,0,0.011121159419417381,iam,10194,liked during his off-duty periods,-22.725452,9.009061
1,1,0.9995496869087219,emuru,9672,black eyes showing any emotion . With a,8.946629,6.467576
0,1,0.9488024115562439,iam,8862,"with a book on the life of Marx ,",27.036661,24.96538
0,0,1.0187504173586603e-09,iam,7515,and who is now being pluckily convivial,-2.3515494,-1.8316243
1,1,0.9985718727111816,emuru,8517,"science of cookery , however , is",-8.90234,-20.48442
1,1,0.9985352754592896,emuru,10282,"And as he spoke , the thought",24.46984,20.205814
0,0,0.0019363868050277233,iam,7709,"are used on Passover , to depict the "" time of our freedom "" .",-15.802242,-13.591586
1,1,0.9991361498832703,emuru,8766,"such as serpents , frogs , and the like .",-4.675919,15.582295
1,1,0.999526858329773,emuru,8279,"The Merstham Tunnel , on the London-to-",-7.6438203,19.85946
0,0,2.495659146006801e-06,iam,8078,revived with designs suitable for contemporary,10.408372,0.02526277
0,0,0.0033108205534517765,iam,9343,"rays , not seen or felt , which change our bodies .",-22.604776,11.523373
1,1,0.9999912977218628,emuru,8476,"alive , dipped in treacle and swallowed",19.043074,9.385487
1,1,0.9840236902236938,emuru,8332,would not do ; nothing an American would not,4.835628,14.199381
0,0,7.895012004155433e-07,iam,9674,"Willie Kim was speechless , only his slant",-12.390713,-11.106252
1,1,0.9998527765274048,emuru,9626,on the estate was a major error :,25.866583,25.851389
1,1,0.9999649524688721,emuru,10050,"would never be jealous again , would even take Larry's advice and",8.119863,18.832003
0,0,1.0952499707173047e-07,iam,8344,ladies toying with these primitive morsels in the,-1.4888325,-14.242162
1,1,0.9999401569366455,emuru,7504,strike . It showed Britain today through the eyes,5.674341,14.512772
0,0,5.90833842579741e-05,iam,7915,to live a day at a time . Even those who,-6.9533157,-1.287548
0,0,8.386094236811914e-07,iam,7491,"him of his ugly battle-dress , to leave him for",-13.201469,-12.025989
1,1,0.9969992637634277,emuru,8707,officials had formerly made private bargains,-5.5282397,1.8677295
0,0,0.00017941485566552728,iam,8207,named Brown .,-16.756918,-21.09977
1,1,0.9990646243095398,emuru,8204,"which to proceed , and the inquest was",18.600718,13.663954
0,0,2.131408938232937e-10,iam,8653,taxation not merely for defence and,-1.4910669,-2.6098213
0,0,1.427603820047807e-06,iam,10049,"moon was just rising over the rocks , then",-13.352363,-18.178143
0,0,1.1826882655441295e-06,iam,9237,""" Where are we going , Mam ? "" inquired little",5.345842,-15.463078
0,0,5.7865310765237155e-08,iam,8773,contraction of the ventricles . Going on in Chapter Three,-5.04842,-0.8141482
0,0,4.392793471197365e-06,iam,9862,""" Ever been to Fleet Street ? "" asked Bawley .",-8.653024,-12.720682
1,1,0.9522356986999512,emuru,7953,aimlessly along is more wearying than any-,17.987694,-12.876687
0,0,2.4469582058372907e-05,iam,9857,give me a ring at this number and I 'll,2.2677817,-10.792699
1,1,0.998267650604248,emuru,8655,"crown lands , the fees of feudalism",-23.120659,7.6049647
0,0,1.3405994650383946e-05,iam,8237,yet so strange were the circumstances that it was,-6.8217545,-3.8261905
1,1,0.9946340322494507,emuru,8650,those in authority to find some simple,23.25823,-5.954137
0,0,2.517421080483473e-07,iam,8248,"of a railway will be worse than Ipecacuanha , """,-7.6384487,-5.05994
1,1,0.972378134727478,emuru,8634,"Calais , Cherbourg , Brest , Bordeaux and Bayonne ,",22.314993,-4.4749913
0,0,0.00810255203396082,iam,9937,"unreadable as a rock . "" Let 's get over to the",-7.720522,3.2889683
1,1,0.9910914301872253,emuru,8028,texts to support the thesis of R. Joshua b. Levi .,13.94373,14.458452
1,1,0.9999566078186035,emuru,9221,precious than jewels . Though Mofydd Owen,22.46321,13.989881
0,0,1.0539004335896607e-07,iam,8540,waxed enthusiastic about Bouilla-,-22.78212,-12.325064
0,0,0.0012632784200832248,iam,9035,"Finally , being so obviously on their own ,",9.949545,9.148964
0,0,2.128013329638634e-05,iam,9626,on the estate was a major error :,-18.258852,0.3808994
1,1,0.9998014569282532,emuru,9307,On the back seat Stan Hayball embraced,-15.471549,12.13775
1,1,0.9999183416366577,emuru,8822,"on West Street , where a successful Sunday",16.811913,9.76146
1,1,0.9997127652168274,emuru,8946,"over his head and yawned agape ,",-9.197895,-17.535694
1,1,0.9920979738235474,emuru,7992,into a dull routine . I have great,13.344386,2.4176905
1,1,0.999994158744812,emuru,8486,"it and dry it , in which form , dusted",26.196665,21.383617
1,1,0.9999984502792358,emuru,9636,"would be 3"" plenty , plenty sad "" not to be back",19.184835,12.253605
0,0,9.763458592715324e-07,iam,9210,"reasonably . "" Start running punctual and where are you ? People get",-16.710356,4.0218434
0,0,0.002985622501000762,iam,9787,""" Oh , the Press , "" said Seaweed . "" Down here on business , Mr.",-18.667767,-7.7051353
1,1,0.9994255304336548,emuru,8066,' The Holy Spirit manifested itself in three places :,5.852337,7.084987
0,0,0.2177412509918213,iam,9197,"trees and bushes , that stood well out over the lake .",-19.930662,-19.225676
1,1,0.9981542229652405,emuru,7542,written in Greek . A modern text of the,23.682415,-5.6949816
1,1,0.9996042847633362,emuru,10291,will contact your new doctor,3.2617786,-26.599857
1,1,0.9995524287223816,emuru,7971,"As it is , with so much of our life already",0.548111,12.404861
0,0,0.0001310500520048663,iam,7840,the way to face life . To see all the latent,-10.795605,-5.6621327
1,1,0.9981364011764526,emuru,8701,"first , the Church , which wisely followed the lead",13.786617,3.4911842
0,0,0.0011147154727950692,iam,8122,be accidental . Yet there will always be some,-19.55713,-17.218456
0,0,0.00016835055430419743,iam,9183,"any rate they remained with us , perhaps",-6.224572,-7.3550153
0,0,0.003644971875473857,iam,10209,dancing with a blonde at eight-thirty that,-7.7222958,-5.6416373
1,1,0.9996819496154785,emuru,7654,"Then the whole earth will be His Altar . "" And it",5.9065967,9.049711
0,0,0.006451228633522987,iam,9196,"was impatient for it . This afternoon , then , we climbed",-20.675463,-18.083626
0,0,6.007026431831264e-09,iam,8466,"According to Pliny , and others , certain herbs",-5.1713595,-23.191965
0,0,4.1414270526729524e-05,iam,7734,how to live and accept all the bitterness,-24.103502,-6.267688
0,0,9.0020485288278e-08,iam,8396,delicacy - sought inspiration at last from,-18.289888,5.403246
0,0,1.2007666860824884e-08,iam,8640,then the primary essential to the success,2.396255,-6.9502034
1,1,0.999568521976471,emuru,9201,""" Good-bye , Dai , "" said Morfydd , smiling from the bottom step .",25.086798,1.9373829
0,0,0.0014767395332455635,iam,10192,Now Nigel had every right to go where he,-17.248251,-9.188081
0,0,9.421218249983099e-10,iam,8988,"know . Now , because of prior hypnosis we have es-",0.7125966,-6.786019
0,0,0.39230912923812866,iam,8266,victim was a woman .,-22.825228,-17.696508
0,0,4.765684380458879e-08,iam,8959,apartment he garaged his car and then stood,-1.7188,-12.568339
0,0,2.9541925528064894e-07,iam,9105,"as a statesman . """,-12.699497,2.6085055
0,0,7.750323902655509e-07,iam,8189,essential to catch round fish whose,-21.65666,-12.0436945
1,1,0.9997475743293762,emuru,9580,"from him to fondle Judy , who , sensing something",9.835243,-7.4932413
1,1,0.9950340986251831,emuru,8519,proportion as exists among her,25.659601,11.553288
1,1,0.9998863935470581,emuru,8446,they broke fresh ground and called another sense,3.2722688,8.232101
1,1,0.9995075464248657,emuru,7705,back .,-1.9901589,25.323235
0,0,3.3042559266505123e-07,iam,9238,""" Damned if I know , boy , "" said the driver .",-5.934152,-13.005363
0,0,3.6255944451113464e-06,iam,7912,held a high and responsible office lived in,-1.2550051,-0.7596426
1,1,0.9999785423278809,emuru,10288,of Philip lying in the other,25.376959,19.543673
1,1,0.9992807507514954,emuru,8128,But this southerly migration is not,15.452543,-17.603823
1,1,0.9996750354766846,emuru,8869,"This opened up a new interest , and we plunged",21.815462,-1.8772795
1,1,0.9999992847442627,emuru,8481,Among the natives of Northern Australia lizards,16.912128,18.488516
0,0,1.136533924750438e-07,iam,8458,fainting appetite and added a more exquisite and,-12.81859,-23.429834
0,0,1.936100261445972e-06,iam,9621,""" You think you could have carried more weight",-4.061124,-12.033876
1,1,0.9999985694885254,emuru,9199,heart that Morfydd was leaving him as surely as she was leaving Dinas .,19.312721,17.566439
0,0,2.0633928215829656e-05,iam,9339,the Heavy World become changed . Some die . Most live,-7.7104,-8.692212
0,0,7.93853605074446e-09,iam,9491,miles .,-23.96866,-13.619135
1,1,0.994195818901062,emuru,9902,"for a hold-up as any , "" he said , reining in",17.548098,-5.3327227
0,0,0.0003823063161689788,iam,9403,with their wings soon died away as the wonderful,3.9984488,0.575093
0,0,0.0056623187847435474,iam,9087,One wondered if this greater awareness of the physical cosmos might,14.225335,5.907504
0,0,8.587453339714557e-05,iam,10268,"They often had such a rendezvous , for",15.082596,-19.732103
1,1,0.999813973903656,emuru,9589,"You see , it was , apparently , through a mistake",15.770306,11.981697
1,1,0.9998980760574341,emuru,8554,"household . Thackeray , of course , waxed enthusiastic",-0.14261128,23.097208
1,1,0.9999604225158691,emuru,9745,"famous Portsmouth hostelry , second only in historic",14.813522,2.4478796
0,0,7.907913095550612e-05,iam,9668,being flung against the huge boulders did the judge,-23.656328,1.5162277
1,1,0.9978657364845276,emuru,10345,then Philip was so certain that Nicholas,-2.2298381,22.838335
0,0,0.032166726887226105,iam,8238,hazardous business .,27.116322,25.537527
1,1,0.9833272099494934,emuru,8758,The only concession made in view of the,-23.775597,5.056418
1,1,0.9864203929901123,emuru,9906,But I reckon they 'll be too busy shooting at,27.054304,23.449005
0,0,0.000550189521163702,iam,9902,"for a hold-up as any , "" he said , reining in",-20.274334,6.2314177
0,0,2.2707424705004087e-06,iam,8173,"it , swimming at the same speed",3.8764381,-16.54664
1,1,0.793438196182251,emuru,9651,did not act as though he found it necessary,13.798058,-5.827161
0,0,0.0002452476473990828,iam,7798,led us to believe . Laud was enthusiastically hated,10.174727,-12.111694
1,1,0.9999740123748779,emuru,7806,a sense of reverence . The Prayer Book was to be respected,7.898304,9.261346
1,1,0.9996476173400879,emuru,9926,down with a shotgun outside the Palace,-19.298494,9.2033415
0,0,4.6034665501792915e-06,iam,9152,"if you ask me . Might be jaguar , might be ...",-18.348867,-11.441075
1,1,0.9594648480415344,emuru,9603,Beryl tried to suppress the thought that this was,-5.011767,3.408605
0,0,1.0171627096156044e-08,iam,8567,and a bowl of milk .,-0.8327996,-7.950595
0,0,5.897963637835346e-05,iam,8008,the comment of Rami bar Rabh is quoted,-24.974024,6.985567
1,1,0.7635596394538879,emuru,8809,12 o'clock at night . At that time pastries and buns,-5.7860713,9.638458
0,0,0.025472817942500114,iam,10096,with the cigarette packet which lay on the table,15.311971,-8.852813
0,0,1.5470229541847402e-08,iam,7544,text with absolute precision .,-2.7933006,-6.8087816
0,0,7.375986399438261e-08,iam,8298,"Both her wrists bore the marks of severe bruising ,",-20.347538,-4.956929
0,0,0.0001410793629474938,iam,7952,we would find life considerably less exhausting,17.76446,-14.76095
0,0,0.0014134503435343504,iam,8229,"a verdict of "" wilful murder against some person or",0.77055436,18.197773
1,1,0.9635362029075623,emuru,7933,"homes . It is easy , desperately easy , to lead",-8.951185,-18.617332
1,1,0.9999943971633911,emuru,8986,"take charge , as it were , of the minds of the",23.933655,21.720749
0,0,1.4686590475321282e-05,iam,9064,a Mocrat Senator with a seat on the,-25.025166,-5.21925
0,0,9.390903166206499e-09,iam,10074,seeming to clutch her heart . Gavin was,-14.998948,-18.926973
1,1,0.9160330891609192,emuru,9499,asking Jack - as a representative of the Vallin family -,-3.1707575,8.495172
1,1,0.9989290833473206,emuru,7817,unnecessary its fears were .,15.674501,-1.1438869
0,0,0.00012397578393574804,iam,9198,""" Good-bye , Morfydd . "" He sought to enfold her in his arms . But he was too late .",8.612488,-14.09009
0,0,1.0634789715524562e-09,iam,8692,means of that ' staple ' system which ensured that,2.983419,-7.9728203
0,0,0.00013111728185322136,iam,7571,The other form of book was the codex . In this the,-27.630585,5.0361505
0,0,0.0006636189064010978,iam,7985,To have order does not mean getting,0.38718596,-21.71043
1,1,0.9999911785125732,emuru,7500,British personalities . Among them - Professor,23.28425,15.525062
1,1,0.9991621971130371,emuru,9997,"boy , then a young youth . He saw himself refusing",12.626704,-5.723812
0,0,3.730356183950789e-05,iam,9874,talkative lady Madeleine respected her husband's,-25.136576,-3.8829796
1,1,0.9994864463806152,emuru,9675,""" My God ! "" the judge cried out . "" The boy",7.565985,13.224577
0,0,4.932180175387657e-08,iam,10143,broken arm .,-25.880713,-9.825083
0,0,0.00036853953497484326,iam,8504,"and of Goja : it is vivid , highly coloured , sometimes",-22.949926,-6.1148148
1,1,0.9990847110748291,emuru,7773,able to render an account of their faith according,19.376865,5.8381324
0,0,4.420246841618791e-05,iam,7896,"inability to deal with life , especially under",19.28857,-16.711344
0,0,6.925233901711181e-05,iam,9925,With something of a start I remembered the,-15.937345,-5.472399
0,0,0.005852856673300266,iam,7600,enlarged to become reservoirs or cisterns in,13.499078,-14.755404
0,0,2.0662599126808345e-05,iam,8808,dously hard work was if anything intensified . George used to,11.699213,9.346961
1,1,0.983403742313385,emuru,9839,"Service matters . """,-9.7305155,15.955427
1,1,0.9994693398475647,emuru,8532,and aesthetic as well as physical . There is the same finesse,10.5075245,15.406088
0,0,7.200636198412269e-10,iam,8479,peoples have a high opinion of the octopus,-3.0181944,-4.106571
1,1,0.9991533756256104,emuru,10008,"hunted eyes , as if the poor fellow had rocks in",7.5389786,2.2032354
0,0,8.199615695048124e-05,iam,8241,"The next female fatality occurred eight years later ,",-3.151845,13.813194
0,0,7.97324375412245e-08,iam,8429,"how to do it , too : - When the languid flames at",-22.304176,-10.542591
1,1,0.9955523610115051,emuru,9252,"he cried . "" Never mind your immortal",-12.93193,10.314317
0,0,1.3000803846807685e-05,iam,8255,"immersion in gloom , and the clash of reverberated",-13.017058,-5.784617
1,1,0.9990265369415283,emuru,7959,it becomes possible to work out a system,16.807442,4.377511
1,1,0.9999240636825562,emuru,10285,room filled him with a re-,10.2148485,2.1526537
0,0,1.1473822269181255e-05,iam,9778,printed at the head of most naval articles,4.52315,-25.873701
1,1,0.9994288086891174,emuru,7616,Such a Shamir possesses the real acid,14.440941,15.1156025
1,1,0.9980469942092896,emuru,8052,whether the Heavenly Court concurred,-16.690983,11.081573
1,1,0.9994267225265503,emuru,9736,"what he likes . Anyway , why pick on you to succeed",19.255615,13.8779955
0,0,9.706625860417262e-06,iam,7715,"so are we deficient without spiritual knowledge , and to",-7.823127,-3.0749414
0,0,0.4847595989704132,iam,8673,"booty , a new group of Lords might oust",27.514725,24.121822
0,0,1.8527032807469368e-05,iam,10197,"found they were off duty together , and",-11.253128,1.9073691
1,1,0.9999603033065796,emuru,10030,went quickly back to fetch them .,9.615884,6.710358
1,1,0.9945592284202576,emuru,10190,when she was not free ; this much they had,9.607694,18.123528
1,1,0.9646130800247192,emuru,9825,"John flushed . "" I 'm not in need of charity . "" "" Come",-25.850895,6.9397326
0,0,1.9653987692436203e-05,iam,7917,that it taxes the mind . Two hundred,10.054298,-18.934706
1,1,0.9984924793243408,emuru,10103,and no doubt he would come back soon and,12.794369,-16.874647
0,0,1.4463527264751974e-08,iam,9590,hardly have spoken with more contempt .,0.8265324,-3.6292439
0,0,2.4626112349324103e-07,iam,8370,"dishes , and for all the blossoming of the",-28.981245,-8.688372
0,0,5.824545041832607e-07,iam,9059,"salary raise , on the expectation of which they",-17.145826,-18.357084
0,0,5.425945346360095e-05,iam,8140,but quite apart from this wind effect,13.934339,-15.717131
0,0,1.0887772987189237e-05,iam,9347,"stubbornly , throwing himself down . But Lily-yo and",-5.8994136,-9.683494
0,0,2.1104617644596146e-06,iam,8341,the progress of civilisation which allows a dish,5.994442,-1.3695711
0,0,7.666344572498929e-07,iam,8192,"small , a matter of a foot or two . With round",-13.446419,-17.420687
0,0,0.0013390864478424191,iam,9408,"Motion there was , but motion without event - except",6.259169,0.206349
1,1,0.9999983310699463,emuru,9878,"silences , for she knew they betokened a worry of",16.364267,7.9673915
1,1,0.9990370273590088,emuru,9253,very moment when we should be,5.1428156,5.353557
1,1,0.9999663829803467,emuru,8020,already in the hands of the Redactors .,-17.795914,10.165159
1,1,0.9990184307098389,emuru,8389,nowadays their simplified meals would seem quite,3.4662952,17.162855
0,0,6.260246436795569e-07,iam,8379,"generously enough in his own fashion ,",-28.22682,-9.131305
1,1,0.9999967813491821,emuru,9107,"That 's how he got the votes , that 's how",1.0840273,8.985129
1,1,0.9920808672904968,emuru,9306,"Megan Thomas sat tight-lipped , nursing",3.5149884,-25.091665
1,1,0.9809727668762207,emuru,8072,One can remember with horror the pictures of the,11.556364,0.72640884
0,0,3.421613428145065e-06,iam,9013,a new and strange phenomenon .,-8.1509905,-14.052688
0,0,0.0001143502740887925,iam,10180,"evening , "" If we get married , old girl , you 'll have to stop",-28.349722,4.862757
0,0,2.3521015464211814e-05,iam,7975,By this means they avoided each,2.7802432,-11.925975
1,1,0.9993267059326172,emuru,8956,side to side .,-5.8664384,16.38669
0,0,8.844110084282875e-07,iam,8364,meal-times of a simpler world to the,-22.850103,-7.3498077
1,1,0.9991766810417175,emuru,9115,so sharply in international politics were as abstract,6.5663085,16.14804
0,0,1.4592957313652732e-06,iam,7950,the end of the day with far less strain if,19.401344,-15.631425
0,0,0.0720798596739769,iam,7626,The action of the Shamir writes books and their,-28.783215,-1.4620038
1,1,0.9999476671218872,emuru,10075,the terrace thinking that perhaps Gavin,-4.9904246,16.374548
0,0,1.1737748536688741e-05,iam,9994,and forks and tidying up implements . It might,-25.45041,0.4850135
0,0,2.7166928703081794e-05,iam,8016,R. Joshua b. Levi . The proof text for the,-20.118122,-3.3399048
0,0,7.689461085647054e-07,iam,7966,for this . I know how much of a drag it can be,-14.276906,-14.646098
0,0,1.0368430736207301e-07,iam,8254,gave others a feeling of danger . A medical journal,-14.96523,-7.2988787
1,1,0.9996984004974365,emuru,7475,"playwright Arnold Wesker . "" Instead , Muggeridge's appointment",21.478012,3.3677645
1,1,0.9998688697814941,emuru,8960,A superfluous precaution for there was no other car,16.134327,19.802454
1,1,0.9958403706550598,emuru,7915,to live a day at a time . Even those who,-9.227784,10.763157
0,0,0.0005291705019772053,iam,9274,regarded this possibility with,7.9780173,-21.863241
1,1,0.9997716546058655,emuru,8018,The sugya is built around the saying of,9.306246,18.409594
1,1,0.9997552037239075,emuru,7676,"aside , and serve other gods , and worship them "" ,",-13.569318,17.1733
0,0,4.175471985945478e-05,iam,9371,well we can - think . This tribe of the True World,-12.048276,-10.1457405
1,1,0.9999265670776367,emuru,8965,The set lighted-up but gave only a low,-1.0818636,20.67581
0,0,0.00011469755554571748,iam,10216,""" No , "" she told Phil Gubbins , a junior",16.96272,-19.223217
0,0,1.6543900756005314e-06,iam,9871,"any time - knock twice and ask for Bawley , what ? """,-20.172739,-9.351656
0,0,0.0004118441429454833,iam,8952,"transcendent event , the exalted desire of all",-13.060486,-3.0854945
1,1,0.995768666267395,emuru,9711,"inches . Maybe big one four feet ,",-10.526613,-16.210785
0,0,7.997960516092917e-09,iam,8654,the private wealth of the monarchy,-0.4272239,-1.791726
0,0,2.7322960249875905e-07,iam,9419,Alastair was a bachelor . All his life he had,0.34237462,-19.720753
1,1,0.9988775849342346,emuru,9630,Their air of smiling somnolence showed them,5.8960805,15.240598
0,0,6.20352293481119e-05,iam,7627,"diamond that incises the hardest rock , the hardest",-25.408155,-0.20553741
0,0,0.033494286239147186,iam,8197,the victim and inspecting at Waterloo the carriage,1.0130389,-28.464066
0,0,1.1055868043285955e-07,iam,7528,"original was written on a roll , or codex , which fell into disorder or was",-2.8453064,-19.880236
0,0,6.495285560959019e-06,iam,9549,""" And I 'm heartily sick of being constantly called",-9.909915,-23.88399
1,1,0.9999884366989136,emuru,9703,drag the boat ashore and turn,23.497202,22.965845
1,1,0.9992254972457886,emuru,9332,"Mutinous dog , thought the Rev. Edwards , who hadn't",-22.437729,7.782833
1,1,0.9919840693473816,emuru,9361,babies may be born with wings . ' The Captive with,-22.305468,10.360631
0,0,0.00023499305825680494,iam,8938,"Then , abruptly , he drew himself up",-11.917284,-17.73145
0,0,2.8053129426552914e-05,iam,9574,You made some sort of a protest to Graybury .,8.589915,-18.445503
0,0,2.9456110439696204e-08,iam,8477,"from eating it fresh , squash it , press",-1.5761229,-8.486103
1,1,0.9999372959136963,emuru,8309,"The girl , who was described as being "" always bright and",-10.671048,23.108393
0,0,2.1028454284532927e-06,iam,8367,groaned under its load of complicated,-12.542395,-19.612144
0,0,5.920506307433016e-10,iam,8722,attempt to apply a sliding scale to the,-9.237803,-3.3912368
1,1,0.999862551689148,emuru,7801,"Forever associated with Charles is Archbishop Laud ,",-15.28094,9.2685585
1,1,0.9999836683273315,emuru,9210,"reasonably . "" Start running punctual and where are you ? People get",23.596558,5.286338
0,0,5.741803033743054e-05,iam,7956,out for forty years I find difficult to understand .,14.410069,-19.1722
1,1,0.9999785423278809,emuru,8034,need for the text of the angel are quoted,2.076149,16.12602
0,0,2.259707798657473e-06,iam,10068,"then caught her breath , a cold hand",-13.460033,-22.378096
1,1,0.9999667406082153,emuru,8479,peoples have a high opinion of the octopus,16.707283,19.01445
0,0,3.7477420846698806e-06,iam,9607,between what a senior and a junior,2.2435439,-4.605381
0,0,1.8767318010759482e-07,iam,9007,ting how the Thetan machinations had been,1.2579756,-12.838975
0,0,0.0016039555193856359,iam,7504,strike . It showed Britain today through the eyes,-23.24115,-1.4240735
0,0,1.7772128657611574e-08,iam,10121,thought you were sensible too . Don't,-20.692047,-16.682055
1,1,0.9996671676635742,emuru,10022,"led the way in . "" The stained glass",4.7011976,-23.178278
1,1,0.9991069436073303,emuru,9674,"Willie Kim was speechless , only his slant",0.77778333,12.111642
0,0,0.00031035803840495646,iam,10291,will contact your new doctor,4.9159484,-20.342869
0,0,1.1017361885024002e-06,iam,9781,"otherwise than take it . "" Pleased to meet you ,",-18.764906,-7.67292
0,0,8.861906763968364e-09,iam,7782,"definite . It was at this time , too , that King James made",-4.1089745,-2.6943955
1,1,0.9999740123748779,emuru,8118,accidental . Being contranatant or against,9.565131,2.8038461
0,0,9.670424333307892e-06,iam,8788,"thus synchronous with cardiac systole but ,",-10.624745,5.2146626
1,1,0.9998600482940674,emuru,9563,to understand all the whys and,-5.50266,-19.334011
1,1,0.999825656414032,emuru,8588,dish in which it was served . He turned # it over,15.546478,15.362023
0,0,0.0001590522879268974,iam,9995,His curious headgear fell off . Strange things,-7.624405,4.170846
0,0,6.096500510466285e-05,iam,7601,orchards to the vital question of water,17.881277,-16.498896
0,0,4.092309609404765e-05,iam,9946,colour drawing . Between us and that lay,-6.836868,-7.3656077
1,1,0.9979992508888245,emuru,9238,""" Damned if I know , boy , "" said the driver .",4.970972,5.53548
0,0,6.207212521758265e-08,iam,9510,north of the island .,-1.5510728,-10.216274
0,0,8.813817942154856e-08,iam,9868,"Master bloody Munyard . "" THERE were six submarines ,",-27.175413,-11.862749
0,0,1.1450111742306035e-05,iam,9823,"why should you ? "" "" I see . "" John took the",-2.5090487,4.090852
0,0,8.299767796415836e-05,iam,8196,"in which she had died , there was nothing on",-19.934713,-11.745393
0,0,0.0002923971915151924,iam,9298,"when he went to Morfydd's house , all",9.0612955,-21.715818
1,1,0.9999352693557739,emuru,8970,"Deadly stillness , deadly portent !",25.503378,25.35757
0,0,4.079402344814298e-07,iam,7749,""" four cups "" to thank the Lord our God for the "" four",-25.798859,-5.661067
0,0,7.1696822487865575e-06,iam,10342,of suspense . ' It will be interesting,-0.8271324,-16.522324
0,0,9.524611499500679e-08,iam,9687,end of the wharf . But by pressing,-7.267786,-15.66958
0,0,0.0004639041144400835,iam,9285,walking very dogged towards Llangrwl .,7.29454,-20.964113
1,1,0.9478276371955872,emuru,9748,and tonic .,-8.100796,24.94399
1,1,0.9999289512634277,emuru,9046,"But not for long , for soon pedestrians and cars flocked upon",10.363725,10.977508
1,1,0.9993236064910889,emuru,9787,""" Oh , the Press , "" said Seaweed . "" Down here on business , Mr.",5.7004895,19.488554
1,1,0.9290679097175598,emuru,8343,meat or fish burnt and roasted in the,22.085419,-5.211028
1,1,0.9998737573623657,emuru,7714,to learn . Education is always the most important task .,0.2788193,15.801387
1,1,0.9673919677734375,emuru,8775,contraction of the heart and the apex beat occur in,-4.80449,12.375924
1,1,0.9979952573776245,emuru,8046,original question and answer and this is quoted,9.488748,5.5394807
0,0,7.567971138655594e-09,iam,8524,typically French .,-24.20158,-11.7319565
1,1,0.9999977350234985,emuru,9501,vengeance . She had expected to be met with violent,3.4820664,12.8974285
1,1,0.9999979734420776,emuru,10309,"fided in her , given some expla-",12.729103,-3.9627185
0,0,1.9942595827160403e-05,iam,9291,But disappointment awaited him . A,-21.421047,-3.1372924
1,1,0.9999558925628662,emuru,8120,"that find it if enough are travelling , just as",15.614776,-16.61343
0,0,1.2735908057948109e-05,iam,10298,scription for the sedatives . You,5.381807,-11.483705
1,1,0.991191565990448,emuru,9625,to have been guests at yesterday's,13.966766,13.516432
1,1,0.99993896484375,emuru,8811,Soon they were good enough to sing at meetings .,16.203573,14.230235
1,1,0.9884113073348999,emuru,8182,was actually just off the bottom and was,19.148067,-11.328478
0,0,0.00019126289407722652,iam,9342,and grow wings . Between the worlds are many strong,-7.388615,6.434426
0,0,1.984613140493252e-09,iam,8507,melody . The paprika and caraway perfume,-23.911036,-11.728406
0,0,0.0003253402828704566,iam,10310,nation . Now there was no-,1.5525787,-22.11106
0,1,0.5076253414154053,iam,7691,"the problem of life cannot be solved . "" Therefore shall 1ye lay",-12.974608,-3.7423406
0,0,5.496652875081054e-07,iam,10036,the excitement of meeting,7.456676,-24.758375
0,0,2.5257242668885738e-05,iam,9213,""" Left here all right , "" said Ifor . "" Two-thirty-five , on the dot . "" "" It 's",-19.556435,-4.2376795
0,0,1.1061707709814073e-06,iam,7580,might be bulky . It is sometimes possible to tell,7.7643166,-1.2259966
0,0,8.316142157127615e-06,iam,8024,( This is probably to be understood as a well-,-19.291014,-2.7435732
0,0,1.1199887683943643e-09,iam,9448,"left , Milan . The directional angle of the",0.64003867,-4.129156
0,0,2.2711049041390652e-08,iam,8984,selves in their zeal to get their orders and to carry,-0.2986298,-12.125317
0,0,1.9135321053909138e-05,iam,8174,it reaches them . They move away before,2.6533086,-11.698244
0,0,0.0013241342967376113,iam,8999,they will promptly give us their hypnotic,8.74571,-0.6270993
0,0,2.3643387692118267e-07,iam,7737,"principle and this gives us "" a wink "" ( Remez )",-15.703226,-12.16041
1,1,0.9997486472129822,emuru,10035,"pocket-book , with a sick feeling",13.1342,-3.630806
1,1,0.9964455962181091,emuru,9613,"pretty spineless ! """,11.2488785,-2.0137668
0,0,2.290603262622426e-08,iam,8473,A number of newly-born white mice served,-3.5702493,-4.664232
0,0,3.7807968311653894e-08,iam,9832,""" Tell me who the little bird was . "" "" Can't",0.6208483,-10.374544
1,1,0.9976522326469421,emuru,8865,"After the First World War , 1914 , I did not visit",4.0589643,8.134103
0,0,1.600393204626016e-07,iam,8485,"and the Chinese . The Celestials , apart",0.18522999,-10.695511
0,0,9.096578651224263e-06,iam,8600,"The same man went to see Carlyle , and , after mentioning",-2.7833962,-9.253467
1,1,0.9985480904579163,emuru,9044,"They followed him to a city bus stop on Carling Avenue , where",8.776598,11.019671
0,0,3.658597961475607e-06,iam,8775,contraction of the heart and the apex beat occur in,-10.637499,-6.7929025
0,0,1.2883972999588877e-07,iam,8395,intelligent selection and comparative,-25.204561,-7.6249247
1,1,0.9974310994148254,emuru,10181,been standing in for Luke Parsons at his surgery in,18.130463,16.706522
1,1,0.999816358089447,emuru,9562,""" Oh , drop that nonsense , Piers !",15.530209,13.395924
1,1,0.9937113523483276,emuru,8907,Chairman of the local War Pensions Committee . This,5.5079803,22.194845
0,0,1.8370134057477117e-05,iam,7738,represents Remez ; ( 3 ) Dipping-in represents,-15.671026,-13.898187
0,0,8.123703082674183e-06,iam,9155,"feeling , like I always get when something",-18.878082,-18.119728
1,1,0.9955066442489624,emuru,7853,"Toyohiko Kagawa . Loving Saviour , who experienced",17.999432,1.9326274
1,1,0.9996885061264038,emuru,9977,was never long on patience .,-1.0240009,10.464437
1,1,0.9970377683639526,emuru,7856,we are with Thee .,0.013157806,12.687631
0,0,1.558218900754582e-05,iam,10069,hers in an intimate way .,-22.50918,-2.4512596
0,0,0.0030082676094025373,iam,9057,"Heaven alone knew when , if ever , he would be",12.095463,-11.826034
1,1,0.9994091987609863,emuru,8372,"tongues ; unreasonable surfeit , too , in the",-14.5758915,15.713734
0,0,5.358844191505341e-06,iam,9146,carefully casual . ' The servants are all on,16.811436,-11.298152
1,1,0.9999393224716187,emuru,9173,"to watch Mr Septimus more closely , Mrs",14.973896,12.0536175
0,0,4.549724326352589e-05,iam,8855,their candidate must go forward in the,0.41554987,-17.500874
0,0,3.028981510055928e-08,iam,8217,for a man who had been seen leaving the train,-5.007042,-6.8472085
0,0,2.2811043436377076e-06,iam,8206,a detailed account of his movements on the 11th . The dead,-19.653482,-9.380977
1,1,0.9881423115730286,emuru,10371,"the result being somehow as ineffective , not",1.8024988,3.1881628
0,0,0.04721619561314583,iam,9382,are slaves to it . Only an outcast is free . Because,-11.482808,-6.709945
1,1,0.9988285899162292,emuru,10175,"Sometimes they talked on the theme of "" when we get married "" ,",13.448112,12.172586
1,1,0.9475982785224915,emuru,8029,There is no reference to the Mishnah here,26.380445,11.098318
0,0,2.861351731553441e-06,iam,9353,"Lily-yo said , doubtingly . The Captive with the",-17.7019,-4.4016995
0,0,8.73769181453099e-08,iam,8461,board . The gratification of the sense of smelling,-23.23546,-10.947745
1,1,0.9862870573997498,emuru,7775,verily and indeed taken and received by the,7.8225594,14.535606
1,1,0.9993879795074463,emuru,7591,"cannot think of an author , Mark for example ,",15.877829,3.6714158
1,1,0.9995595812797546,emuru,9943,"a vast stretch of hills , canyons , buttes and",-10.525974,-18.41106
1,1,0.9825809597969055,emuru,9265,"is it ? "" "" Mutual recriminations will get",1.5897971,-25.881657
1,1,0.998921275138855,emuru,9757,"gin ? "" He turned to Seaweed -",-15.135067,14.024895
0,0,3.725000752297092e-08,iam,8787,"ception , the more distal arteries pulsate",-19.367146,-6.018045
1,1,0.9999812841415405,emuru,7468,She plays the possessive mother of a man whose hobby revolves,24.225325,22.399977
0,0,5.563568095112714e-08,iam,7512,arrived two hours earlier by appointment,-10.162699,-7.326025
0,0,3.832971060546697e-07,iam,8981,"them out . Just what these orders will be , we don't",3.6262653,-5.2591596
0,0,1.9979651613710736e-11,iam,8724,But this time there was a very interesting,-4.6851416,-5.7710223
1,1,0.9988065958023071,emuru,9731,""" So there you are , my dear . "" Peggy 's eyes filled",9.068513,17.200453
0,0,0.0038784481585025787,iam,9572,"the matter because , very naturally , you were",-17.073786,-2.2125504
1,1,0.9999303817749023,emuru,8185,Cover in the fast-moving trawl is considered,4.1386576,10.779078
0,0,7.475863822037354e-05,iam,10108,down to the beach . Gay closed her eyes for a,-17.60602,-3.5217006
1,1,0.9995342493057251,emuru,9988,were going on in his bewildered brain . When,11.599955,2.6466627
1,1,0.9901424646377563,emuru,8282,"doctor , the woman , young , small , and rather plump ,",21.819456,11.943501
1,1,0.9996040463447571,emuru,9921,After all it 's them we 're supposed to be,-20.326422,9.750379
1,1,0.9628946185112,emuru,8186,reaction to disturbance would be upwards .,-10.336855,-19.118921
0,0,4.296513907320332e-06,iam,8117,The details are harder still to see .,12.703942,-19.512114
1,1,0.9998600482940674,emuru,7495,Northern defiance . The cameras played continuously on his,11.673777,16.079401
1,1,0.9883711934089661,emuru,9072,"evening , when he had been left to cook his own meal .",19.589672,6.8155384
1,1,0.9980021119117737,emuru,8311,long brown hair in a bun at the back of her head,-7.661707,11.928562
1,1,0.9999765157699585,emuru,8499,aromatics where the paprika insinuates its perfidious,10.415487,14.358349
0,0,5.060795729150414e-07,iam,7861,only a disturbed tossing and turning,-14.593991,-15.4748745
1,1,0.9999960660934448,emuru,8954,upward and shook his head slowly from,6.8119416,10.23024
1,1,0.9992800354957581,emuru,9095,we might get GO a bit better if he entered politics .,14.873703,-6.526489
1,1,0.9999351501464844,emuru,9821,"he said . "" Expense account . You 're a married",13.999266,12.453034
1,1,0.9249361157417297,emuru,9206,damn bus .,27.132393,24.161009
1,1,0.9942024350166321,emuru,7835,frightening possibilities and yet by facing,12.923296,15.122415
0,0,5.136936579219764e-06,iam,8832,One of the students was young,3.8777938,-12.095768
0,0,6.168729305500165e-05,iam,8346,How many centuries later did the mercenary in,5.427541,-17.526037
0,0,1.386986582474492e-06,iam,9286,the bus . He passed The Traveller's,7.459168,-21.404306
0,0,6.836215482586283e-10,iam,10055,"Lilyan remonstrated . "" They want to be",8.1849375,-24.837065
0,0,6.4689486406477315e-12,iam,8734,Again the resentment was widespread and,-29.234924,-10.908991
0,0,4.3938962335232645e-05,iam,8002,matter on hand .,0.9635045,-21.473192
1,1,0.9997602105140686,emuru,8746,those charged with the crime . It is clear,2.2831717,15.184283
1,1,0.9977432489395142,emuru,7859,"we face life boldly , many of the shadows are",24.412277,20.722042
1,1,0.9861451387405396,emuru,9712,"man at catch 'em than Injun , Judge .",-10.094635,11.409351
1,1,0.9999985694885254,emuru,7643,"language . The Shamir is the "" seventh "" and",21.909763,3.3728964
1,1,0.9723085165023804,emuru,8024,( This is probably to be understood as a well-,3.9398868,22.609957
0,0,1.4912397983124492e-09,iam,8329,nothing the Chinese would not eat .,-0.458843,-4.5211754
0,0,0.0005055736401118338,iam,7484,essay on soldiering which stated that a fighting,-17.42949,4.1775146
0,0,4.507277040488589e-08,iam,8871,a village choral society and conduct it .,1.9904671,-5.046968
0,0,1.4400001191461342e-07,iam,8355,always been strong in mankind . The sharing of,4.3240395,-5.0940146
1,1,0.9785023927688599,emuru,8166,aware of the moving footrope before,10.5185995,-2.4401858
1,1,0.9989637136459351,emuru,7890,a burden to their families and their friends .,16.89103,2.8989
1,1,0.9995707869529724,emuru,7480,"success last night in I T V's "" Private Potter , "" his",-0.83554983,10.46485
0,0,7.269836288514853e-08,iam,9561,"look as though it was only what you expected of me ,",-1.038886,-9.631071
1,1,0.9989270567893982,emuru,7529,showing that such changes are part of a,1.8499982,11.6053505
0,0,1.528567554487381e-05,iam,8576,been blind to the charms of turbot and,-16.866846,-21.210974
1,1,0.9977056384086609,emuru,10217,Nigel from the back . D.j. and all .,16.140171,-15.995814
0,0,9.700212189045487e-08,iam,8323,would not eat .,-25.994223,-8.681664
0,0,1.4983566870796494e-05,iam,8079,overcrowded and over-embellished drawing-rooms,9.697537,-0.14770576
0,0,0.00039573339745402336,iam,8125,are drifted back into the normal home,11.291421,-16.40818
1,1,0.9999996423721313,emuru,8586,Dante Gabriel Rossetti had simple tastes in food . At one,21.95423,11.340478
1,1,0.9999897480010986,emuru,8503,Schnitzel as well as dishes and stews heightened with,6.4093075,16.630531
1,1,0.9971150159835815,emuru,8454,"perfumes , these refined voluptuaries aroused the",-1.8240806,25.255833
0,0,2.851970748452004e-05,iam,9763,""" Make it a large one , darling . I know the naval",14.242633,-22.230001
0,0,3.0374346238204453e-07,iam,8155,"is strongest at spring tides , when without",-17.854258,-13.322922
1,1,0.7202828526496887,emuru,8688,journeymen and small tradesmen of the,25.825783,11.434336
0,0,0.0002690460823941976,iam,7482,"date . "" ACTOR Tom Courtenay was an outstanding",-11.14883,-1.0047041
1,1,0.9998880624771118,emuru,7756,"eating Matzos in Egypt and the "" Feast of Matzos """,6.5570188,7.919307
0,0,2.4524191566399622e-09,iam,8751,the suggestion that the rich should help,-13.091179,-6.6580057
1,1,0.9998644590377808,emuru,9098,"plump hand towards her grand pianos , etc :",0.79380155,10.333216
0,0,1.9804147086688317e-06,iam,8403,"Does one , however , know who first thought of boiling",-20.930708,4.234124
0,0,8.119708239107126e-10,iam,9503,"coming back from Barbados so soon . "" Beryl",-0.9945873,-3.3224294
0,0,0.00034935312578454614,iam,10012,been attending some kind of fancy dress do,9.561179,-18.460436
0,0,6.664541141176983e-11,iam,10128,married life going to be like ?,-2.5566182,-6.773435
1,1,0.9999980926513672,emuru,9899,thinking what a skill he had for reading,5.7643533,9.761008
0,0,4.461261937649397e-08,iam,8720,borders between private and public purse were,3.5405002,-1.6343056
0,0,0.1822974681854248,iam,10142,I can for him so that she can get out to do her shopping .,14.762824,10.930127
0,0,0.018995868042111397,iam,8165,"be by actual contact , or by sight reaction to the disturbed",1.4829079,1.7117012
0,0,6.450442742789164e-05,iam,9982,"observed Dan , shifting about in his saddle . He",-14.837133,-9.442797
0,0,0.0025164640974253416,iam,7459,"I don't think he will storm the charts with this one , but it 's a good start .",-28.95864,-1.2545712
0,0,0.00302486727014184,iam,8172,that of flat fish on the bottom .,4.0854926,-18.211773
1,1,0.9851498603820801,emuru,7866,"the mind . Very few people , under normal",-8.780994,-19.144857
1,1,0.9999823570251465,emuru,8031,by the Gemara in support of R. Joshua b.,3.738918,9.492317
0,0,4.923814231005963e-06,iam,7907,"months , even a Prime Minister could go to",-10.335472,-8.138036
1,1,0.9904204607009888,emuru,8935,"hollow , and the news that Byron had left",22.840729,-3.4634786
0,0,8.683596206537914e-06,iam,7905,made this century is the way in which illness,10.224764,-17.1165
1,0,0.42102736234664917,emuru,8765,In Chapter Two he gauged the nature of the heart's movements,-5.9030476,1.9883469
1,1,0.9999202489852905,emuru,10342,of suspense . ' It will be interesting,15.562188,4.3144674
1,1,0.999103307723999,emuru,7880,"the washing-up - while others , if they",13.138604,0.08254934
1,1,0.9998039603233337,emuru,9538,on his taking her out in the jeep -,11.76319,-4.0479417
1,1,0.9999727010726929,emuru,8474,like a prairie oyster is considered a,-1.220273,16.830809
0,0,1.4645578971794748e-08,iam,8512,"essentially French , and , irrespective of",-22.086306,-14.067101
1,1,0.9998136162757874,emuru,9130,neurosis and not in some eruption from those,16.659128,11.924866
0,0,2.6425498234061706e-08,iam,8325,told us that there was nothing an En-,-4.8220572,-6.496363
1,1,0.9999593496322632,emuru,8591,"with Dickens says the menu was Whitstable oysters , a brown",24.517008,21.600449
0,0,2.0317911548772827e-05,iam,8351,than mere converse has always been there .,4.8740754,-16.246996
1,1,0.9997243285179138,emuru,7647,come across human Shamirs and they leave,17.437428,16.52088
0,0,0.10703770816326141,iam,8771,"of the apex , the thickening of the heart walls , and",-11.425968,-7.921622
0,0,6.234107452485205e-09,iam,10022,"led the way in . "" The stained glass",-1.8703352,-12.578462
0,0,1.2383053444864345e-06,iam,9086,allies being more inferior than formerly to W.C.U. in the,19.00003,-17.79209
1,1,0.9945964217185974,emuru,8106,echo-sounders . Bottom crowding comes when they cannot reach,-24.07199,9.443855
0,0,0.00015823722060304135,iam,9733,sick . Just because he 's an Honourable he can do,-22.560364,3.6461108
1,1,0.9999029636383057,emuru,7862,which causes them to wake feeling worse,-5.1344094,17.554747
0,0,1.379446246119187e-07,iam,9518,"Jack and Blanche were quick to sympathise , and to",0.73104584,-8.654543
1,1,0.9999743700027466,emuru,10268,"They often had such a rendezvous , for",-16.598597,-1.4150143
0,0,1.1788625631226068e-09,iam,10037,Gavin and the girl who had got,-5.010574,-14.03523
0,0,1.1968463720091194e-10,iam,8736,far away from the capital in a town with,-2.5358055,-2.390431
1,1,0.9965677261352539,emuru,9212,"supposed to leave at two-twenty . "" "" Who says so ? "" "" Your timetable . """,26.204649,24.223186
0,0,5.8174585149117775e-09,iam,8660,social services . A mediaeval oligarchy,-7.6204386,5.594489
1,1,0.9976293444633484,emuru,9820,man with a couple of kids . Can't go wasting,-6.083192,14.745909
1,1,0.9979421496391296,emuru,8950,hands together between his knees and leaning,9.41107,15.138901
1,1,0.9981801509857178,emuru,7901,great deal of tiredness which comes from,18.682543,-13.7555275
0,0,1.043817974277772e-05,iam,8239,were many people who believed that to travel,-2.526175,3.900767
0,0,7.013115350673615e-07,iam,8592,which he washed down with beer . A writer who had dinner,-15.27761,-9.990645
1,1,0.9938191771507263,emuru,7966,for this . I know how much of a drag it can be,5.0827866,10.84604
1,1,0.8833829760551453,emuru,9422,faith which he was placing in her and,9.888786,-7.460707
1,1,0.9999818801879883,emuru,9792,"his glass . "" Fill it up , darling . Accuracy above",25.869192,25.517944
0,0,0.0011210094671696424,iam,9255,"folded it , and glanced idly out of the",9.354462,4.018014
1,1,0.9997945427894592,emuru,9583,have had it in for Guy .,12.689961,19.253296
1,1,0.9997851252555847,emuru,7658,mind together we cannot solve the further,23.079247,-4.428693
0,0,0.027288272976875305,iam,9046,"But not for long , for soon pedestrians and cars flocked upon",15.264637,11.004142
0,0,1.416319617142392e-09,iam,8843,"socialism . With such men , who had the",-0.65337336,-6.1611953
0,0,0.0023499014787375927,iam,9360,as we are . Some may be born right . ',-20.249193,1.1513298
0,0,2.7276769287709612e-06,iam,8055,part of the verse .,-20.420801,0.9336533
0,0,4.706444940438814e-07,iam,8511,possibly comparable alone to a gypsy,-16.088192,-15.590599
1,1,0.9902355074882507,emuru,9023,Dan paced the floor . He seemed completely unaware,4.520098,15.125473
1,1,0.9996623992919922,emuru,8736,far away from the capital in a town with,-4.196494,21.992672
1,1,0.9988059997558594,emuru,9793,"drop the rank - such a mouthful ! "" "" You 're",11.601587,18.309723
0,0,1.1423814612498973e-05,iam,10313,"the word . Nicholas , Philip ...",2.5047243,-15.913192
1,1,0.9995219707489014,emuru,8880,"church was , it had its own atmosphere , and for centuries",10.110353,12.86265
1,1,0.9992393255233765,emuru,7507,Shelagh Delaney and Alan Sillitoe attacked,-5.3143005,7.458289
0,0,6.035089427314233e-06,iam,8023,because the Mishnah deals with the,-16.030993,-19.469357
0,0,0.00031749880872666836,iam,10170,""" There are all sorts of wonder-",-8.507093,-19.05555
1,1,0.99982750415802,emuru,8080,numerous other crocheted pieces . It was some years,-11.254022,22.711885
1,1,0.9999994039535522,emuru,9659,"triangular sail , and to the judge's frightened eyes , so",19.214083,10.634319
0,0,4.775693923875224e-06,iam,9935,country that lay all round Gilburg Crossing .,-14.024368,-13.025
0,0,5.593718924501445e-06,iam,7922,"piece . Now a man may live twenty ,",7.591939,-3.241304
1,1,0.9929733276367188,emuru,9836,"Regard this as a softening-up process , and",22.15929,2.7916384
1,1,0.9993908405303955,emuru,8977,overtone that sang in his ears with an,-19.080492,8.649843
1,1,0.9999645948410034,emuru,8580,of having his turbot removed first .,2.1680245,8.311953
0,0,0.00040583868394605815,iam,9258,"Rev. Edwards . Now he put down his paper ,",3.6567013,-24.724249
1,1,0.9998735189437866,emuru,9568,""" If you want my true opinion I 'll give it .",16.784672,13.298815
0,0,2.510154627088923e-05,iam,7849,"dwells in my hand , Knows this",4.0629582,-13.74111
1,1,0.9983727931976318,emuru,7861,only a disturbed tossing and turning,2.3924818,10.16797
0,0,0.00022048647224437445,iam,7890,a burden to their families and their friends .,10.746945,-20.58951
0,0,5.255736141407397e-06,iam,7507,Shelagh Delaney and Alan Sillitoe attacked,-7.882091,-10.778845
1,1,0.9989811778068542,emuru,9737,dockyard and now that she 's ready for sea he goes,-21.792562,8.787851
0,0,0.050865765661001205,iam,10184,"with it was coupled a disembodied fragment of information ,",13.878879,6.7545156
1,1,0.999901294708252,emuru,8323,would not eat .,-17.796965,12.65444
1,1,0.9999877214431763,emuru,10197,"found they were off duty together , and",-4.522346,15.5709305
1,1,0.9991846680641174,emuru,8953,mankind through all ages ! The Kingdom of the,2.8521087,3.4523337
1,1,0.999161958694458,emuru,9250,"his head . "" God bless my immortal soul , """,6.182225,17.5378
0,0,0.009834692813456059,iam,9941,The air was fresh and clear and you,-22.12169,2.0377376
0,0,2.7947755825152854e-06,iam,8913,life .,-18.098251,-13.380506
0,0,0.0030429211910814047,iam,8847,mined and obdurate in their attitude that,-3.1800308,0.8741276
0,0,1.1660930795187596e-05,iam,9593,"flamingoes our first morning on the island . """,5.7394953,-4.0878053
1,1,0.999642014503479,emuru,7989,who does not always want to do,15.634924,3.1091864
0,0,2.0943485878888168e-07,iam,9387,"come to you , Lily-yo , ' Band Appa Bondi added .",2.5685751,0.064542815
1,1,0.9999935626983643,emuru,8414,we hear of the fleshpots of Egypt,-4.980055,15.645867
1,1,0.9917823076248169,emuru,7904,"physical illness . There is , nevertheless , a",19.30863,-13.164377
1,1,0.9994245767593384,emuru,8985,""" The Thetans , "" he said , "" are presumably here to",25.914297,25.00795
0,0,5.625178545187737e-08,iam,8823,the members . The B.S.P. also rented pleasant rooms,3.9490652,-12.403586
1,1,0.9994577765464783,emuru,8832,One of the students was young,15.600696,1.7395977
0,0,8.321498157215501e-09,iam,7527,"accidentally damaged . An editor , who was not the author , made what he",-0.03373972,-7.224849
1,1,0.9999912977218628,emuru,7899,"of the mind is no longer feared or shunned ,",14.7457075,-6.3031316
0,0,0.0010143432300537825,iam,7707,Charauses ( a kind of fruit mixture in likeness of the,20.923891,-6.9249015
0,0,0.017006397247314453,iam,9344,"' We know much , ' repeated the Chief Captive . ' Some",-10.733957,-15.322574
1,1,0.9999982118606567,emuru,10226,"suddenly in an upsurging of relief , "" that stupid",3.1967983,-27.08148
1,1,0.9911741614341736,emuru,8249,sorts of horrible illnesses brought on by the,-14.030038,16.325117
0,0,1.526565597487206e-06,iam,8431,except by roasting and boiling . When,-22.521582,-3.8159323
0,0,6.7908302298747e-05,iam,9402,new flesh and tendon strengthened . To sail up in the,-7.52997,-11.5726185
0,0,1.3581111346638863e-08,iam,7477,will be with Sir Roy Welensky the Premier of the Federation,-1.8735139,-16.552652
1,1,0.9984692931175232,emuru,9936,""" Fenton or Somers , "" he said . "" Or the Town",-19.566973,11.221428
0,0,7.537186874628787e-09,iam,8392,"of gorging the eye with magnitude ,",-24.491793,-7.526323
0,0,1.7542230125400238e-05,iam,9667,empty his lungs of stifling air and refill them,-8.829827,-0.032020744
1,1,0.9997962117195129,emuru,9397,We need such memories . So we ask you to go,22.428324,13.906681
0,0,5.169562694584684e-11,iam,8714,"It was , therefore , a complicated and not very",6.0179906,-7.3038664
0,0,0.0004052329168189317,iam,9375,Captives rule the True World ? ' Lily-yo asked,3.8980424,22.625164
1,1,0.9999130964279175,emuru,8920,"When he saw Trelawny's printed letter , Lord Sidney wrote",23.388613,6.050389
1,1,0.9999613761901855,emuru,9527,it out with Piers when a reasonable,-14.094464,12.050576
0,0,1.871451900115062e-06,iam,9483,He was able to trace the course of the river ; he,-9.466017,-10.181083
1,1,0.9999833106994629,emuru,9159,"imagine the Christian martyrs twisting and shrieking ,",0.73817897,9.192056
0,0,8.750818381031422e-08,iam,7843,has something important to do with our,-10.703643,-5.4206214
1,1,0.999932050704956,emuru,8948,"thrust out , arms dangling loosely .",23.398397,21.237177
0,0,0.00011342089419486001,iam,7853,"Toyohiko Kagawa . Loving Saviour , who experienced",13.371951,-18.88522
0,0,4.472840657854249e-07,iam,9996,Walking out of the chapel later on . Continuing,3.649686,-7.8650303
0,0,0.05154813826084137,iam,7460,"CHRIS CHARLES , 39 , who lives in Stockton-on-Tees , is an accountant .",11.161799,7.413675
1,1,0.9999953508377075,emuru,9999,dly decadence and absorption in debase-,8.065086,23.517483
1,1,0.9976385831832886,emuru,7765,remained . Other changes in the Book were equally,21.195538,12.634386
0,0,0.00012613722356036305,iam,9973,go and tell Nick Dowd we 've come to talk,-24.557003,-5.5870814
0,0,0.0009012234513647854,iam,9269,Morfydd Owen was silent . But she,0.6632798,-26.027634
0,0,1.721252192510292e-05,iam,8846,Just as the Labour Party had fought the,-11.950263,-16.130016
0,0,5.179239703778649e-09,iam,8869,"This opened up a new interest , and we plunged",1.1754203,-6.4836583
0,0,4.058509261994914e-08,iam,8483,definitely a delicacy while Mediterranean,-5.8839693,-15.702933
1,1,0.9999574422836304,emuru,9660,close to the rocks that it would be dashed,2.2322767,6.895882
0,0,0.006807237863540649,iam,7731,"more of the Torah and the Oral Tradition , our inheritance .",-11.567445,-18.616362
0,0,0.001295281806960702,iam,8179,that the wave might be transmitted by the,19.046625,-14.941127
0,0,1.9257389794802293e-05,iam,8868,Towards the end of my five and a half years',-19.539577,5.44006
1,1,0.9998787641525269,emuru,9547,"to make the presentation , I run the damned",6.713477,2.8475947
0,0,2.683463208086323e-06,iam,8534,The French have an inborn appreciation of good food and,-18.10463,-14.594269
0,0,1.4849111721559893e-05,iam,8848,There was no abatement in political,-12.498672,-13.986561
0,0,3.323141761768511e-11,iam,8738,most notorious third poll-tax was agreed,-21.8687,-9.927224
0,0,6.657272024312988e-06,iam,9022,"decided upon . Inside they sat down unbidden , while",-5.828802,-11.639644
0,0,0.0025874858256429434,iam,7648,"diligently unto my commandments , which I command",12.520931,-10.962832
0,0,1.213489440488047e-06,iam,9512,"had had a thoroughly good time , and it would take them",0.17091376,-9.034732
1,1,0.9898209571838379,emuru,9465,miles from their destination .,16.05966,-17.03049
1,1,0.9999852180480957,emuru,10024,"flights back . """,-0.95350105,20.447062
0,0,0.00036175415152683854,iam,8009,"( Actually , the Mishnah quotes two further proof",-14.384943,-0.5271057
0,0,0.001443050685338676,iam,8803,He was a socialist and believed in the right,15.257319,-13.200331
1,1,0.9992098808288574,emuru,8179,that the wave might be transmitted by the,19.798862,-12.793762
1,1,0.9735827445983887,emuru,8708,There were two other sources of public revenue -,12.561873,0.56299484
0,0,3.449439844871449e-09,iam,10101,"dance , "" Doc's cheery voice came as a",-4.076815,-15.099386
0,0,0.0016949324635788798,iam,8763,"from the dissection of living animals , showing how these move-",13.611022,10.263375
1,1,0.9817559719085693,emuru,8619,"When all seemed to be going well , a sortie surprised",6.7170405,12.287224
1,1,0.9966374635696411,emuru,7549,impossible to say .,10.8015,11.776029
0,0,2.5805189582395194e-11,iam,8743,merchants who could tempt court and,-3.2439516,-1.2445273
0,0,0.0002009804011322558,iam,8849,"Council meeting on October 16 , 1912 , George",-14.536747,-16.664122
1,1,0.9988746047019958,emuru,9657,"of a mile and a half , came the yawl under her full",23.404182,6.471637
1,1,0.9292972087860107,emuru,9254,"window . Looked again , eyes starting from",-10.763439,9.4323435
1,1,0.9988910555839539,emuru,7740,the literal meaning of Pesach which,6.3854523,14.869011
0,0,1.4794471780987806e-07,iam,8565,bowl of milk .,-16.029606,-19.413147
1,1,0.9996932744979858,emuru,9972,We didn't approach unchallenged . Just short,-20.161911,9.03414
0,0,9.508820221526548e-05,iam,10141,"it ran . "" Your cards are lovely . I rang up Miss Harland",-10.544776,-1.93603
0,0,5.315002216121911e-09,iam,9531,them . But next morning she insisted,1.5342815,-5.9082513
0,0,0.0016205731080844998,iam,10005,"saw himself as a sulky , ugly , malformed , repressed",11.200175,-20.233751
1,1,0.9964170455932617,emuru,10010,"He didn't know what to make of it , but it",2.3673384,24.748106
0,0,6.688746339023055e-07,iam,7650,"your soul . "" This may seem very good , but there",3.7678993,-6.3920174
0,0,3.1325580494012684e-05,iam,7495,Northern defiance . The cameras played continuously on his,-21.909039,0.47047347
1,1,0.9999738931655884,emuru,8534,The French have an inborn appreciation of good food and,8.849016,19.790281
0,0,9.443337489756232e-08,iam,8505,"streaks of poetry , meat disguised under heavy and vehement",-22.73227,-7.3335133
1,1,0.99986732006073,emuru,7523,Fourth Gospel by explanations based on assumed textual dislocations . The,15.078445,-4.3406935
1,1,0.9999953508377075,emuru,10028,There were few passengers on the plane and Gavin was,-0.32005855,22.228128
0,0,1.0034906381406472e-06,iam,9652,except in moderate compliance with his father's,9.759177,-23.862316
0,0,3.1397034945257474e-06,iam,9131,GO ; but the reason probably lay in elementary,-21.338884,-17.26
1,1,0.9997846484184265,emuru,8022,"From the above it follows that here , once again ,",5.929165,17.727594
1,1,0.9998494386672974,emuru,7571,The other form of book was the codex . In this the,-19.814459,10.401585
0,0,0.004206497687846422,iam,9356,Where are your souls ? ' Lily-yo and Flor looked at,21.132193,-6.4493704
1,1,0.9999620914459229,emuru,9456,at the speed recorder . It seemed almost incredible that,-9.391256,17.902794
0,0,0.00010872052371269092,iam,8853,"Liberals , they were going to fight the Labour",2.385941,-13.583756
1,1,0.9999262094497681,emuru,8788,"thus synchronous with cardiac systole but ,",-6.076225,10.407352
1,1,0.9690974354743958,emuru,10056,"can't find a table for two . """,24.494995,16.703081
0,0,3.0123715987429023e-05,iam,8086,is always from the north ) .,14.141414,-21.686842
0,0,1.9118915588478558e-06,iam,8053,to the discussion but because it was,-25.294884,-3.6315958
1,1,0.988867461681366,emuru,7934,the office or works wonder what they,-4.1001143,21.307531
1,1,0.9988731741905212,emuru,9220,"some dreadful ravine , or beset by",8.341521,5.261852
0,0,5.7716672017704695e-05,iam,9214,"the mask , now , Ifor did . "" Dai Pugh , "" he bellowed . "" Leap on your bicycle",-18.210766,-10.759358
1,1,0.9998146891593933,emuru,10085,that he had only met a few minutes before .,-12.499341,13.830271
1,1,0.9997907280921936,emuru,10210,"hours . If they get in before eight-thirty , even",22.745546,22.5184
0,0,0.00016270182095468044,iam,9768,the lounge or return to his bedroom .,14.43149,-23.049252
1,1,0.999859094619751,emuru,9174,Caine too and Mr Gilberto who would ...,13.232447,22.413572
1,1,0.9991587400436401,emuru,7664,"gratify selfish aims , then each man will gather-in",7.256169,11.667515
1,1,0.9998579025268555,emuru,8558,as well as the foods for which they have,-5.518925,21.281385
0,0,4.288106538297143e-06,iam,9662,with part of that howling northwest gale .,-22.14792,3.6461482
1,1,0.9998220801353455,emuru,9065,"friend of hers having married Lester Peron ,",1.3444464,19.598444
0,0,2.522795284676249e-06,iam,10061,"alone . "" "" I 've booked a table at the",8.5745735,-25.268068
0,0,2.611142968511615e-10,iam,9169,"afraid , with a hoof shaped like the heel",-19.75025,3.0553792
0,0,2.3238615540321916e-05,iam,8253,"said , "" the deafening peal of thunder , the sudden",-13.130492,-11.382647
0,0,6.218953330971999e-06,iam,9299,The conductor switched on the lights .,-20.236143,-12.646122
0,0,1.4217959254381185e-08,iam,8535,things that are typically French .,-22.7369,-8.21628
1,1,0.9951391220092773,emuru,9548,"to account for my manners , "" he retorted .",-17.551168,8.346486
0,0,6.148013209639203e-09,iam,8962,abroad ; and no pedestrian to cross his path nor to wait,1.50501,-6.9176564
1,1,0.8955436944961548,emuru,8699,When the King and his Council required additio-,20.30066,3.8895628
0,0,4.1930605220841244e-05,iam,8970,"Deadly stillness , deadly portent !",-12.977876,-15.828535
0,0,0.004889401141554117,iam,10225,"mouth , an act of devotion he didn't over-indulge .",-24.424778,2.9181564
1,1,0.9805961847305298,emuru,8807,were sold at 32 pieces for one shilling .,13.824582,11.280136
1,1,0.9995866417884827,emuru,9739,bombs during the last war . Having deposited his,10.95,4.9377894
0,0,3.074164169447613e-06,iam,8001,thing at a time . A list or a plan enables us to,10.291956,-20.323467
1,1,0.9842774868011475,emuru,8256,darkness .,8.88855,-16.570152
1,1,0.9999059438705444,emuru,10149,to the man she had spent so much time,5.237985,7.693051
0,0,0.00021057622507214546,iam,9573,"sake show a glimmer of reason , "" was his",-22.980165,2.073305
0,0,0.0009590545087121427,iam,9934,"Marshal , "" I added . His face was fixed ,",-7.4651146,14.744009
1,1,0.9997707009315491,emuru,9420,obvious that she did not fail to appreciate the,20.386032,-3.1334028
0,0,6.197121820150642e-07,iam,7933,"homes . It is easy , desperately easy , to lead",-14.872797,-15.477649
0,0,0.014406580477952957,iam,10283,he put back his professional,4.768106,-19.282831
1,1,0.9726284146308899,emuru,8065,on the saying of R. Joshua b. Levi which,-7.9896927,20.250824
1,1,0.999858021736145,emuru,9108,to him as those a lawyer makes in a court,-8.288967,11.171485
1,1,0.9988216757774353,emuru,8525,The French have an inborn appreciation,2.5691304,24.927525
1,1,0.9990231990814209,emuru,9495,"own veranda , that he had taken the liberty of",-20.67713,10.503956
1,1,0.999907374382019,emuru,7944,write out all the necessary jobs waiting to,16.979774,-14.788444
1,1,0.9999957084655762,emuru,7608,with all his might and studies the,25.01125,23.617851
1,1,0.9996707439422607,emuru,9145,"whose presence I could almost smell ,",5.405737,11.936431
1,1,0.996864378452301,emuru,8810,"mix 100 stone of bread in 12 hours , and Kate served in the",-16.515623,16.60243
1,1,0.9815415143966675,emuru,8059,become so well known that it was,-2.841334,9.170475
1,1,0.9848136305809021,emuru,8803,He was a socialist and believed in the right,14.420528,0.450244
0,0,1.7308284441241995e-06,iam,10360,the deceit . The lies . ',-4.101805,-16.690027
1,1,0.9989017248153687,emuru,9363,' You see . You needed them no more . You are still,-1.0808798,8.853167
0,0,7.939402735246404e-08,iam,9831,"nothing to tell me , yet . But we 'll be meeting",-11.877682,0.9504408
0,0,3.620793975755987e-08,iam,9583,have had it in for Guy .,-17.14499,-6.419316
0,0,2.3803668227628805e-06,iam,10253,"enquired , combing his thick , tawny hair . "" To bring",-12.628442,-13.727055
0,0,7.510798241128214e-07,iam,7679,"that your heart be not deceived , and 1ye turn",-21.979197,-19.461239
1,1,0.9939404726028442,emuru,7821,the harvest of which may still be being,-12.19635,22.147007
0,0,1.1151500833861405e-09,iam,9624,"and warm sympathy , as she explained",1.4013149,-8.4737
0,0,5.846070294523997e-08,iam,9809,trifle too comfortable and humdrum .,-13.8846655,-10.581949
1,1,0.9999079704284668,emuru,10286,"icy politeness , such withdrawn",25.356335,20.504515
1,1,0.9978147745132446,emuru,7930,a ' double ' life without ever deliberately,3.8477895,11.26507
1,1,0.9999638795852661,emuru,8027,actual practice of greeting by the divine,9.3514,20.993692
0,0,0.00012418899859767407,iam,7519,the Synoptics can be reasonably solved by paying due regard to the time and,11.317215,-15.187597
1,1,0.999554455280304,emuru,9102,we came through to 4makrodeb status and,-6.75248,15.186837
1,1,0.9959892630577087,emuru,9371,well we can - think . This tribe of the True World,-2.8333294,10.347923
0,0,3.23716253802786e-09,iam,7926,pipeline of the railway on which they,4.2608,-10.291835
0,0,6.580451099580387e-07,iam,8497,"fire , aerian creams , ingenious pastries and a",-22.137083,-7.4860954
0,0,6.663978274445981e-05,iam,9780,nature - I assumed that you both knew who I,-18.028173,-4.271165
0,0,0.00014314914005808532,iam,8036,The question and answer with regard to the,-18.274853,0.10314089
1,1,0.9997175335884094,emuru,8341,the progress of civilisation which allows a dish,21.700384,-1.7720463
1,1,0.999967098236084,emuru,7685,"yourself , under such conditions the goods are your gods .",13.089297,12.595998
0,0,0.0008328960975632071,iam,9904,"morrow as likely as not . "" I paused . "" Miss",-22.304598,4.866582
0,0,0.002300236141309142,iam,9962,opened out into a wide shallow draw .,-21.767693,6.8823867
0,0,8.115711352729704e-06,iam,7924,travel day by day .,2.9239786,-12.87122
1,1,0.9996809959411621,emuru,9763,""" Make it a large one , darling . I know the naval",11.970785,5.406024
0,0,0.0008625650079920888,iam,9109,But privately he turned out to be as friendly as,-20.380909,-20.852564
0,0,0.0021503770258277655,iam,8068,"Palestinian teacher , R. Eleazar ( 3rd Cent. ) :",-10.339068,-14.625734
0,0,6.429108907468617e-05,iam,9908,""" Yes , "" he said . "" I know . "" "" No harm must come",-22.373228,-3.152654
0,0,1.3422892664038955e-07,iam,10158,""" That is a pretty dress , "" Lilyan commented , obviously sensing",-2.2741373,-5.713324
0,0,4.882888759993875e-08,iam,8582,without going through the formality of having his turbot,-16.035275,4.0011477
1,1,0.999977707862854,emuru,10225,"mouth , an act of devotion he didn't over-indulge .",12.356882,13.424004
0,0,4.706338131654775e-06,iam,9648,rocks in an' out o' de water .,-18.461946,-11.98121
0,0,0.00014297831512521952,iam,9093,"country lawyer , and we were very small 4microdebs , weren't we ,",11.340689,-21.464844
1,1,0.9970523118972778,emuru,8007,elsewhere .,-22.180408,12.314477
1,1,0.9978684186935425,emuru,8951,""" They have come ! "" he said reverently , gripping his",16.869308,16.379768
0,0,1.1978433356318874e-08,iam,9872,a substantial breakfast . Although usually a very,-28.075623,-10.883085
0,0,4.432657442521304e-05,iam,8754,Trebling the rate was arrived at by a simple,-0.6868413,1.7926501
1,1,0.9996230602264404,emuru,8618,comparing the failure of a subsidized duke,8.22509,10.817245
0,0,0.01221652515232563,iam,9577,"idyllic surroundings . "" "" How dare you say",24.494888,25.696604
1,1,0.999994158744812,emuru,9642,We all know how Balicou Island dangerous,9.408889,21.536758
0,0,0.0001609700993867591,iam,8226,"Perhaps the news of their search got around ,",-10.639265,5.3769546
0,0,8.980079655884765e-06,iam,7699,"ne through the mill , we need not teach them",3.6360762,-3.776823
0,0,0.028980977833271027,iam,8107,In this 200-fathom trench the herring do not touch the bottom .,10.102098,8.854088
1,1,0.99992835521698,emuru,8975,almost painful sharpness . He reversed and,12.015613,10.953427
0,0,2.424524438993103e-07,iam,9741,"empty , save for the lady known by all habitue",-19.176805,-1.9990382
0,0,1.1263958515916883e-10,iam,7838,"lives and that the nearer we get to Him ,",-6.2785673,-1.8678627
1,1,0.9998787641525269,emuru,7734,how to live and accept all the bitterness,4.741205,16.723015
1,1,0.99983811378479,emuru,8301,no letters or papers found on her to assist identi,1.7404487,11.975497
1,1,0.9999452829360962,emuru,8262,"The first was that of Mr Gold , in the famous",-6.858647,7.3054996
0,0,2.917387007528305e-07,iam,7947,"be done and then work quietly through them ,",11.272899,-18.9944
0,0,0.00014273260603658855,iam,9771,"What are you waiting for , darling ? The officer is",12.380634,-21.53742
1,1,0.999537467956543,emuru,9013,a new and strange phenomenon .,-20.924984,9.361375
0,0,0.05897967517375946,iam,8993,There can be little doubt that if the,14.232856,-2.031353
1,1,0.9938439130783081,emuru,10126,"Gay , and don't even contemplate throwing",14.078431,7.9299
0,0,4.209352027828572e-06,iam,7974,started day one again and so on .,2.1889527,-14.403919
0,0,2.146929318769253e-06,iam,9091,"wives , romanced about him in his absence . "" Lester was a",19.026634,-17.706427
1,1,0.9862615466117859,emuru,7951,"if she made a list , followed a routine of work",16.997395,-15.425906
0,0,0.0005610136431641877,iam,9893,must continue as before . During this period the Captain,-12.178033,-13.435359
1,1,0.9896134734153748,emuru,7826,of twelve or thirteen under the,12.236624,-17.868576
1,1,0.9993951320648193,emuru,9305,"Rev. Edwards , standing at the front ,",-16.620543,10.991222
0,0,4.3035328189944266e-07,iam,8552,"saffron , Soles , onions , garlic , roach and dace .",-13.9853525,-21.41736
0,0,6.924352202730688e-09,iam,8662,Social service as a function of government,-0.5779384,-1.9646256
1,1,0.9999616146087646,emuru,10025,"taxi . "" Just a moment , darling , "" Gavin pressed her",10.918281,12.514791
1,1,0.9531904458999634,emuru,9772,"yourself , "" she said with mock severity .",10.107758,3.8663352
0,0,2.0668237539211987e-06,iam,8020,already in the hands of the Redactors .,-20.839771,-2.858883
1,1,0.9996646642684937,emuru,8528,"writers , music composers and other",2.9732711,10.931591
0,0,1.3729306580501088e-08,iam,8706,"at ' colloquies of merchants ' , and whose",6.0960712,-7.525204
0,0,0.000529899843968451,iam,9388,Flor - this other man creature is plainly useless -,-10.361135,-10.625022
0,0,1.1045146047772292e-10,iam,10129,glad to be able to occupy herself .,-5.1681843,-23.211039
1,1,0.9992321729660034,emuru,8569,it # impaired the intellectual faculties . Bunyan's,18.71999,16.823397
1,1,0.9990077614784241,emuru,10027,"hand and smiled . "" I want to check up on the",2.6525826,13.872467
0,0,1.1678588407448842e-06,iam,8777,"and of the artery-like vein , and expulsion of the",-5.514601,-0.88681835
1,1,0.9999980926513672,emuru,8574,in food . At one dinner he is said to have,3.032076,11.864042
0,0,0.005106407683342695,iam,7463,""" My September Love , "" the big David Whitfield hit of 1956 .",-12.958846,-8.637419
1,1,0.9999017715454102,emuru,8544,"could outdo ; Green herbs , red peppers ,",-5.1416984,22.227472
0,0,1.4746200349691208e-06,iam,8216,"a dark moustache , and wearing a frockcoat",-3.8510597,-3.3305938
1,1,0.9994922876358032,emuru,9005,"some weakness , and find a way of fighting",23.396864,20.63479
1,1,0.9995416402816772,emuru,8407,his birthright to him for a mess of pottage - and,4.1705327,19.21808
1,1,0.9876853227615356,emuru,7487,affairs . The Wesker interview will be seen at a later,13.567087,17.272581
1,1,0.9991227984428406,emuru,8344,ladies toying with these primitive morsels in the,17.93647,-4.13744
0,0,7.702350424132476e-10,iam,8633,of the French war was a navy in unquestioned,2.671424,-5.5511045
1,1,0.9993756413459778,emuru,7807,Or when he found cock-fighting going on in church ?,25.12974,1.8870308
0,0,0.0003086751385126263,iam,8089,"helped and hindered by water flow ,",12.317208,-18.80544
1,1,0.9999803304672241,emuru,8905,' Coulsdon and Purley Patriotic Fund ' in whose counsels and committees,1.2605469,19.469303
1,1,0.9994789958000183,emuru,10082,decided to go back and join Lilyan and,-18.789059,11.004605
0,0,3.2064261176856235e-05,iam,10080,"Gay stood irresolute for a moment , half",-15.105648,-7.602503
0,0,4.948028617945965e-07,iam,10213,very evening ?,3.4912586,-4.48966
0,0,0.00021387042943388224,iam,8812,"evening , when George went to speak at Malin Bridge ,",15.020444,-7.794767
1,1,0.9996622800827026,emuru,9590,hardly have spoken with more contempt .,15.818318,14.073278
0,0,1.0382645437845284e-10,iam,8324,dance ; nothing the German would,-23.731575,-9.241627
1,1,0.9997500777244568,emuru,7679,"that your heart be not deceived , and 1ye turn",-5.24937,22.470665
1,1,0.999970555305481,emuru,7497,"scene , ranging from pubs , the Eton wall game ,",5.9889455,8.112125
1,1,0.9999970197677612,emuru,8428,"Anyhow , Homer does not seem to have known any",-6.365769,11.638718
0,0,8.604901324815728e-08,iam,10097,ging a smile .,-7.7650013,2.8518262
1,1,0.9998282194137573,emuru,9887,though in peace time these happenings are few and,13.913564,14.066811
0,0,0.0001373226841678843,iam,10256,"what you 'd get , "" she flashed at him , and",-18.896881,-16.843962
1,1,0.9996013045310974,emuru,9345,things we will tell you . All who make the journey from,0.30240986,6.6466174
1,1,0.9976703524589539,emuru,8691,"None of these classes , except the yeomen , paid or",14.366764,-13.134168
0,0,1.0670696610759478e-06,iam,10368,"just dusty-grey but muddy , slimy even .",-4.0168357,-16.06568
0,0,6.997282753218315e-08,iam,8282,"doctor , the woman , young , small , and rather plump ,",1.7724463,-11.196071
0,0,2.8709444450214505e-05,iam,7800,"by Calvinists and Puritans , and the sentiment was",11.734525,-11.939502
1,1,0.9999902248382568,emuru,8886,"warming up by constant prayer and worship , and we",-9.961008,10.961101
0,0,0.00015500276640523225,iam,8111,shoals that gather at the Knoll or,14.001602,-15.476729
1,1,0.9793990850448608,emuru,7814,"that their fears are groundless , indeed to us they appear laughable ,",20.444572,14.29768
0,0,0.016741342842578888,iam,9426,so much confidence in her . Once again,10.423527,-4.7570953
0,0,2.013067205552943e-05,iam,7616,Such a Shamir possesses the real acid,3.5032635,2.5432565
1,1,0.999496340751648,emuru,10083,"Larry's advice flashed through her mind ,",-2.5131574,22.935146
0,0,0.00011153391096740961,iam,8066,' The Holy Spirit manifested itself in three places :,-6.5599566,-12.206368
1,1,0.9999744892120361,emuru,8539,baisse and sang - This Bouillabaisse,20.694191,-11.9837475
0,0,7.542203547927784e-06,iam,9136,"had to get to pay off their college bills , were naturally",2.9526362,0.8989448
1,1,0.9654337763786316,emuru,8709,excess of the rate for native merchants .,14.284358,-12.521811
1,1,0.9452831149101257,emuru,7822,"into themselves , so that they become",-13.300943,21.925455
1,1,0.999750554561615,emuru,8530,the gusto which they derive from gastronomy is intellectual,10.340038,17.137033
1,1,0.9838767647743225,emuru,8023,because the Mishnah deals with the,-17.87846,9.979354
1,1,0.9827110171318054,emuru,8649,"war , there was a constant stirring of",-13.1516905,17.634333
0,0,0.05481806397438049,iam,7706,And the tsitsits had a message sealed inside the knots,3.8072593,2.932204
1,1,0.9999555349349976,emuru,7772,to the Catechism following ' were added . But Confirmation,24.788904,24.217434
0,0,2.5275440407313e-07,iam,8234,have been very thankful that the science of,-13.972621,1.7709625
0,0,1.6583401318825963e-08,iam,8527,There is the same finesse about their,-21.691458,-15.30593
0,0,0.06307145953178406,iam,9569,""" As your employee it 's not my business",20.349966,-6.604802
0,0,1.0386140729679028e-06,iam,8354,"persisted down the ages , the motive that preserved",-0.3111849,-21.775948
1,1,0.9995949864387512,emuru,8882,for prayer and quiet . In time we received similar,-6.1328835,10.620891
0,0,1.6656682699789371e-09,iam,8725,scale of payments was fixed for the,-21.593204,-9.43147
0,0,2.4339766468983726e-07,iam,9479,"thought he could recognise the route of N12 ,",2.8007545,-10.348006
1,1,0.9988328814506531,emuru,8777,"and of the artery-like vein , and expulsion of the",-2.2275174,12.031827
1,1,0.9996436834335327,emuru,9116,which had grown up during the Moon's,0.59745806,15.052901
1,1,0.996178388595581,emuru,9233,away at a rate of knots .,-10.652946,10.924851
0,0,0.0013584664557129145,iam,7940,necessary weariness . ( a ) Order makes for a decrease in tiredness .,11.250042,3.611695
0,0,0.001137005863711238,iam,7976,Monday was day six and Tuesday,8.312843,-3.4785786
1,1,0.9999839067459106,emuru,7673,seeking self .,-7.908105,-20.625147
1,1,0.9983599781990051,emuru,9845,we give him the publicity . ' The Honourable,13.420211,9.495389
1,1,0.999891996383667,emuru,9721,few moments later the yawl was upside,18.064816,1.1307204
1,1,0.9987156391143799,emuru,9449,turned the scale slowly to cover the,-16.523193,16.613886
0,0,0.003612055443227291,iam,10230,""" What about it , my sweet ? "" "" Well , "" she laughed",-13.021369,-4.427089
1,1,0.9999042749404907,emuru,8890,such a beautiful building with suitable fittings ; I made,12.179134,12.16889
1,1,0.9999839067459106,emuru,8555,in France as is tea drinking among ourselves and it is,8.258553,16.693663
1,1,0.9999996423721313,emuru,9203,Dinas Motor Omnibus Co. to ask what had happened to their,17.122614,8.632665
0,0,0.009687607176601887,iam,10305,felt that part of her was leaving,5.677071,-20.959696
0,0,5.768651681137271e-05,iam,7795,"the Jesuit , Fisher . But anyone who was friendly",-18.201174,3.2489736
1,1,0.9999508857727051,emuru,8192,"small , a matter of a foot or two . With round",-2.9977207,19.089428
1,1,0.9986440539360046,emuru,9990,outbuilding where the grave digger kept his spades,-24.189783,4.828715
1,1,0.9980080723762512,emuru,7530,how this enlargement was effected nor has he,-22.357655,10.885133
1,1,0.9999278783798218,emuru,8296,forthcoming about any carriage with an open,13.098356,4.6894045
0,0,2.6413763976051996e-07,iam,9201,""" Good-bye , Dai , "" said Morfydd , smiling from the bottom step .",-17.56539,-11.798097
1,1,0.9993927478790283,emuru,8908,task involved a very great deal of detailed work for,9.822705,19.547815
1,1,0.9952986836433411,emuru,7696,"they may be as frontlets between your eyes . "" First to",12.846076,11.532826
1,1,0.9994661211967468,emuru,9014,foot to Dan's house . Dan came,7.814582,17.709652
0,0,5.086367309559137e-07,iam,8557,"food , believing that it impaired the",-23.061916,-11.342582
0,0,3.032126585367223e-07,iam,9474,along which he had motored so desperately little,-19.801764,4.879281
0,0,0.00034308634349144995,iam,9425,she checked back her instructions . It was,-11.23153,8.711481
1,1,0.9159314632415771,emuru,8093,the Fladen Ground ( where again most big,20.956131,8.637103
1,1,0.9951333403587341,emuru,9510,north of the island .,18.797768,-1.1823055
1,1,0.9998841285705566,emuru,9573,"sake show a glimmer of reason , "" was his",15.091112,13.553543
1,1,0.9973931312561035,emuru,8482,of it in almost any provision shop .,26.346283,24.209745
0,0,0.0019383968319743872,iam,10205,"I 've got to see 'em . If I am free , though ,",-8.562259,6.2600613
1,1,0.9997574687004089,emuru,9068,"know , I had to send back our bedroom",-3.5722418,23.624863
1,1,0.9999051094055176,emuru,7789,became the foster mother of some of the most,1.7292624,13.374176
1,1,0.9994845390319824,emuru,7719,the salt-water at the Seder-Table represents the Covenant of the Torah,9.234125,15.436052
1,1,0.999962568283081,emuru,7631,"Lord , as the waters cover the sea . "" ( Hab. 2 , 14 . )",5.4743996,13.331007
1,1,0.8848500847816467,emuru,9482,of the journey back to the place where every,-5.0658603,18.125647
0,0,0.0007266620523296297,iam,7596,A natural transition from gardens and,6.1229453,-13.661108
1,1,0.9998334646224976,emuru,7870,The mind tires first and conveys the impression,16.888783,-14.092601
0,0,0.001212435308843851,iam,8840,"with them , particularly those who , like the Rev.",-0.9461945,-22.739237
1,1,0.9999265670776367,emuru,9764,inside a submarine casing to defuse a Jerry,13.9507675,3.5014222
1,1,0.9998332262039185,emuru,8785,of blood from the wound . Arterial diastole is,9.181563,12.407524
0,0,0.0003960379399359226,iam,10134,to get out her compact and saw Grace's,7.572821,5.298725
1,1,0.9932655096054077,emuru,7910,sleep in blissful ignorance of what might,-12.424688,22.035831
0,0,0.000285736023215577,iam,9991,of the church where there was a small open,3.3186975,-18.480473
1,1,0.9997443556785583,emuru,7936,need to be handled correctly .,-0.55704564,13.8203745
0,0,0.006949009373784065,iam,9078,sphere of the sun . A matter which on Earth would hardly,9.788961,-3.1164877
0,0,0.0005269484827294946,iam,8031,by the Gemara in support of R. Joshua b.,4.2743998,-20.597347
1,1,0.9997426867485046,emuru,10228,""" 5Ye-es ? "" he lowered his eyes and kissed her on the",18.894918,14.6679945
0,0,1.6896508441277547e-06,iam,9984,Mr. Copthorne knew a way round by the side,-26.573023,-6.818706
1,1,0.9987483024597168,emuru,7469,round a doll's house .,6.3332644,3.6538165
0,0,7.722227302053852e-09,iam,8795,"said so . Being a craftsman and a skilled man ,",5.8224616,-7.3530984
0,0,4.149791038798867e-06,iam,9043,"walked , or drove , or waited as a person possessed of",-16.00842,-7.053476
1,1,0.8432754278182983,emuru,10240,to have an open quarrel,-22.726604,4.643204
1,1,0.995202898979187,emuru,9276,"earth , and it seemed to her that she",-15.753073,12.445382
1,1,0.9886115193367004,emuru,9109,But privately he turned out to be as friendly as,21.990461,-5.963586
1,1,0.9984319806098938,emuru,9915,and have a look at the mining camp .,-20.77231,7.332631
1,1,0.9997151494026184,emuru,7727,"meek : "" But the meek shall inherit the earth ; and shall",0.08153495,6.2851615
0,0,0.00010909460252150893,iam,9346,tigerfly is not a tigerfly until it changes . So humans,-17.45917,1.1839775
